id,first_name,last_name,aadhaar,pan,phone,email,location_id
4f6d9bdc-3845-4645-81ff-0ad70a2f7e16,Abhishek,Joshi,375779371018,VULUG2730Q,+91-932488018,abhishek.joshi@gmail.com,2802d22b-7748-4a9a-b89e-3874d8067607
5509754f-d795-49d4-90f5-f82c0f6d7b7e,Vijay,Kamath,660934325905,QQQOO8345M,+91-966768200,vijay.kamath@gmail.com,2802d22b-7748-4a9a-b89e-3874d8067607
9ad3dcea-6510-47c2-958d-05ebf745f0ec,Kavitha,Joshi,220295223520,YTYRZ3583A,+91-965584094,kavitha.joshi@gmail.com,80c343da-92ae-4941-9cc2-e7081430ae5c
ed514235-5897-4efb-8a34-305c92635707,Ganesh,Kamath,167100288374,ZEZOE9292X,+91-910691289,ganesh.kamath@gmail.com,66093793-120c-4463-b053-39a0f9794585
425d9004-bd4a-44b8-bea3-a229d3ba30d8,Ganesh,Hegde,296066331443,SWAHH5471M,+91-944438158,ganesh.hegde@gmail.com,80c343da-92ae-4941-9cc2-e7081430ae5c
54ff73f0-ae11-4fb4-ac5d-f56814e2df7b,Kavitha,Patil,464772284990,OVSGU8707S,+91-959823977,kavitha.patil@gmail.com,80c343da-92ae-4941-9cc2-e7081430ae5c
56ba3484-d7a8-4532-85e6-98b4987b0324,Suresh,Desai,324949921481,WDUEJ1174E,+91-943440225,suresh.desai@gmail.com,66093793-120c-4463-b053-39a0f9794585
4c8ea04d-429b-4862-8d2a-f6328d577737,Vijay,Nayar,482076180026,KLJDP2256Y,+91-967071883,vijay.nayar@gmail.com,2802d22b-7748-4a9a-b89e-3874d8067607
1a634dbd-d3ca-484b-933c-3d6ffb391139,Prathap,Desai,496386578157,PBPVD7563Q,+91-959332782,prathap.desai@gmail.com,66093793-120c-4463-b053-39a0f9794585
b4671914-9f78-4a43-b7c0-bb5ead2d5d39,Riya,Rao,193302576944,ZWCIG7672A,+91-985829523,riya.rao@gmail.com,cdd386c5-2e79-4b63-ad6b-2b599cabc705
44665ad4-4b3a-40bf-a362-65fdc0bf1a09,Ramesh,Hegde,535679136328,YSXET8375M,+91-943436289,ramesh.hegde@gmail.com,7749b52d-faf6-4bb1-8ab0-dddaef708eb3
4abbc11f-5dbb-428f-a6ea-39893d947442,Sandhya,Bhat,203270098097,BJESH6096K,+91-989171396,sandhya.bhat@gmail.com,9d1975b4-c311-4c33-9300-073467e6d4a2
24b3d06f-3060-4671-b6a6-9c1648e6dd2e,Ganesh,Pai,465717718457,VBQGX0967B,+91-985534146,ganesh.pai@gmail.com,66093793-120c-4463-b053-39a0f9794585
db52ef39-94b0-4271-8eb1-4e1892771327,Shalini,Kamath,471031338825,MZYLU8538B,+91-995108767,shalini.kamath@gmail.com,7749b52d-faf6-4bb1-8ab0-dddaef708eb3
0b15cbb8-c4ce-4b0f-8774-02970ff68040,Vijay,Desai,534604563888,VTHZG5479U,+91-921443859,vijay.desai@gmail.com,66093793-120c-4463-b053-39a0f9794585
14d21f62-ff8b-42fe-8f0f-23a4dbe5aaad,Suresh,Acharya,713364768884,KAHKP7792M,+91-938990435,suresh.acharya@gmail.com,80c343da-92ae-4941-9cc2-e7081430ae5c
77596e5e-6258-4800-a643-635ab6f06b77,Ramesh,Hegde,900448968064,ZKTDY0942T,+91-935546476,ramesh.hegde@gmail.com,80c343da-92ae-4941-9cc2-e7081430ae5c
8935c413-c59f-4167-aaf1-00c1ad39c69d,Ganesh,Murthy,846289611464,OUBBV1557U,+91-926405737,ganesh.murthy@gmail.com,9d1975b4-c311-4c33-9300-073467e6d4a2
52950830-d881-41c6-a083-54f4906db97a,Sandhya,Nayar,487135424260,MHTVJ5452A,+91-958598918,sandhya.nayar@gmail.com,80c343da-92ae-4941-9cc2-e7081430ae5c
75b7edf6-4e61-4c9a-b3a3-dbf2f1ec07b0,Riya,Shetty,339034957885,KZBJD5633Q,+91-916280378,riya.shetty@gmail.com,7749b52d-faf6-4bb1-8ab0-dddaef708eb3
8f9b88ad-113a-43f0-94be-e7a9e05dbd8f,Sunitha,Murthy,541924070814,YOBKP8907Y,+91-968000330,sunitha.murthy@gmail.com,7749b52d-faf6-4bb1-8ab0-dddaef708eb3
cf87ddd6-11a2-4601-8303-24288ff8bd97,Sandhya,Nayar,318132924928,FMICC8839T,+91-962994095,sandhya.nayar@gmail.com,80c343da-92ae-4941-9cc2-e7081430ae5c
b8151f48-a4a7-46b3-8dba-890916d292ff,Priya,Hegde,414977460675,ROMWL9905L,+91-920457166,priya.hegde@gmail.com,9d1975b4-c311-4c33-9300-073467e6d4a2
32a5a1d3-792b-4a3d-be15-b48ee439982e,Sunitha,Bhat,462397587754,YZRDA5057G,+91-985562542,sunitha.bhat@gmail.com,66093793-120c-4463-b053-39a0f9794585
63eb35c5-9392-4dc7-af4b-73adb3a4d645,Ganesh,Patil,768238996102,MNFAA1439A,+91-959806933,ganesh.patil@gmail.com,a85bb3ae-04f5-4c10-be90-7427e8875093
