-- ================================================================
-- SentinelAI — Karnataka Crime Dataset Seed Insertions
-- ================================================================

SET search_path = sentinelai, public;

INSERT INTO tenants (id, name, slug, plan, status) VALUES ('00000000-0000-0000-0000-000000000001', 'Karnataka State Cyber Police Wing', 'karnataka-police', 'ENTERPRISE', 'ACTIVE') ON CONFLICT DO NOTHING;

INSERT INTO locations (id, tenant_id, address, district, state, pincode, is_virtual) VALUES ('7749b52d-faf6-4bb1-8ab0-dddaef708eb3', '00000000-0000-0000-0000-000000000001', 'Kasturba Road, Bengaluru', 'Cubbon', 'Karnataka', '560010', FALSE) ON CONFLICT DO NOTHING;
INSERT INTO locations (id, tenant_id, address, district, state, pincode, is_virtual) VALUES ('9d1975b4-c311-4c33-9300-073467e6d4a2', '00000000-0000-0000-0000-000000000001', '80 Feet Road, Koramangala, Bengaluru', 'Koramangala', 'Karnataka', '560011', FALSE) ON CONFLICT DO NOTHING;
INSERT INTO locations (id, tenant_id, address, district, state, pincode, is_virtual) VALUES ('80c343da-92ae-4941-9cc2-e7081430ae5c', '00000000-0000-0000-0000-000000000001', 'Police HQ Road, Mysuru', 'Mysuru', 'Karnataka', '560012', FALSE) ON CONFLICT DO NOTHING;
INSERT INTO locations (id, tenant_id, address, district, state, pincode, is_virtual) VALUES ('dbb6c470-eecf-408e-8ee3-d5bcf2dcb18c', '00000000-0000-0000-0000-000000000001', 'Kavoor Road, Mangaluru', 'Mangaluru', 'Karnataka', '560013', FALSE) ON CONFLICT DO NOTHING;
INSERT INTO locations (id, tenant_id, address, district, state, pincode, is_virtual) VALUES ('66093793-120c-4463-b053-39a0f9794585', '00000000-0000-0000-0000-000000000001', 'MG Road, Bengaluru', 'Bengaluru', 'Karnataka', '570010', FALSE) ON CONFLICT DO NOTHING;
INSERT INTO locations (id, tenant_id, address, district, state, pincode, is_virtual) VALUES ('a85bb3ae-04f5-4c10-be90-7427e8875093', '00000000-0000-0000-0000-000000000001', 'MG Road, Mysuru', 'Mysuru', 'Karnataka', '570011', FALSE) ON CONFLICT DO NOTHING;
INSERT INTO locations (id, tenant_id, address, district, state, pincode, is_virtual) VALUES ('2802d22b-7748-4a9a-b89e-3874d8067607', '00000000-0000-0000-0000-000000000001', 'MG Road, Hubballi', 'Hubballi', 'Karnataka', '570012', FALSE) ON CONFLICT DO NOTHING;
INSERT INTO locations (id, tenant_id, address, district, state, pincode, is_virtual) VALUES ('cdd386c5-2e79-4b63-ad6b-2b599cabc705', '00000000-0000-0000-0000-000000000001', 'MG Road, Mangaluru', 'Mangaluru', 'Karnataka', '570013', FALSE) ON CONFLICT DO NOTHING;

INSERT INTO police_stations (id, tenant_id, station_code, name, district, state, location_id) VALUES ('507aebe3-d545-4d2c-8429-b7886b28a2c6', '00000000-0000-0000-0000-000000000001', 'CP-CYB-01', 'Cubbon Park Cyber Crime Cell', 'Cubbon', 'Karnataka', '7749b52d-faf6-4bb1-8ab0-dddaef708eb3') ON CONFLICT DO NOTHING;
INSERT INTO police_stations (id, tenant_id, station_code, name, district, state, location_id) VALUES ('2b1f4046-6b3d-4834-b61a-a91cf606704b', '00000000-0000-0000-0000-000000000001', 'KM-CYB-02', 'Koramangala Cyber Crime Cell', 'Koramangala', 'Karnataka', '9d1975b4-c311-4c33-9300-073467e6d4a2') ON CONFLICT DO NOTHING;
INSERT INTO police_stations (id, tenant_id, station_code, name, district, state, location_id) VALUES ('ac8534b5-f96d-444f-a921-5564fac898e7', '00000000-0000-0000-0000-000000000001', 'MY-CYB-03', 'Mysuru Cyber Cell', 'Mysuru', 'Karnataka', '80c343da-92ae-4941-9cc2-e7081430ae5c') ON CONFLICT DO NOTHING;
INSERT INTO police_stations (id, tenant_id, station_code, name, district, state, location_id) VALUES ('93204bda-472f-44db-ad6b-a9a45c88e737', '00000000-0000-0000-0000-000000000001', 'MN-CYB-04', 'Mangaluru Cyber Cell', 'Mangaluru', 'Karnataka', 'dbb6c470-eecf-408e-8ee3-d5bcf2dcb18c') ON CONFLICT DO NOTHING;

INSERT INTO citizens (id, tenant_id, first_name, last_name, aadhaar_hash, pan_hash, primary_phone, email, permanent_location_id) VALUES ('4f6d9bdc-3845-4645-81ff-0ad70a2f7e16', '00000000-0000-0000-0000-000000000001', 'Abhishek', 'Joshi', '37577937', 'VULUG273', '+91-932488018', 'abhishek.joshi@gmail.com', '2802d22b-7748-4a9a-b89e-3874d8067607') ON CONFLICT DO NOTHING;
INSERT INTO citizens (id, tenant_id, first_name, last_name, aadhaar_hash, pan_hash, primary_phone, email, permanent_location_id) VALUES ('5509754f-d795-49d4-90f5-f82c0f6d7b7e', '00000000-0000-0000-0000-000000000001', 'Vijay', 'Kamath', '66093432', 'QQQOO834', '+91-966768200', 'vijay.kamath@gmail.com', '2802d22b-7748-4a9a-b89e-3874d8067607') ON CONFLICT DO NOTHING;
INSERT INTO citizens (id, tenant_id, first_name, last_name, aadhaar_hash, pan_hash, primary_phone, email, permanent_location_id) VALUES ('9ad3dcea-6510-47c2-958d-05ebf745f0ec', '00000000-0000-0000-0000-000000000001', 'Kavitha', 'Joshi', '22029522', 'YTYRZ358', '+91-965584094', 'kavitha.joshi@gmail.com', '80c343da-92ae-4941-9cc2-e7081430ae5c') ON CONFLICT DO NOTHING;
INSERT INTO citizens (id, tenant_id, first_name, last_name, aadhaar_hash, pan_hash, primary_phone, email, permanent_location_id) VALUES ('ed514235-5897-4efb-8a34-305c92635707', '00000000-0000-0000-0000-000000000001', 'Ganesh', 'Kamath', '16710028', 'ZEZOE929', '+91-910691289', 'ganesh.kamath@gmail.com', '66093793-120c-4463-b053-39a0f9794585') ON CONFLICT DO NOTHING;
INSERT INTO citizens (id, tenant_id, first_name, last_name, aadhaar_hash, pan_hash, primary_phone, email, permanent_location_id) VALUES ('425d9004-bd4a-44b8-bea3-a229d3ba30d8', '00000000-0000-0000-0000-000000000001', 'Ganesh', 'Hegde', '29606633', 'SWAHH547', '+91-944438158', 'ganesh.hegde@gmail.com', '80c343da-92ae-4941-9cc2-e7081430ae5c') ON CONFLICT DO NOTHING;
INSERT INTO citizens (id, tenant_id, first_name, last_name, aadhaar_hash, pan_hash, primary_phone, email, permanent_location_id) VALUES ('54ff73f0-ae11-4fb4-ac5d-f56814e2df7b', '00000000-0000-0000-0000-000000000001', 'Kavitha', 'Patil', '46477228', 'OVSGU870', '+91-959823977', 'kavitha.patil@gmail.com', '80c343da-92ae-4941-9cc2-e7081430ae5c') ON CONFLICT DO NOTHING;
INSERT INTO citizens (id, tenant_id, first_name, last_name, aadhaar_hash, pan_hash, primary_phone, email, permanent_location_id) VALUES ('56ba3484-d7a8-4532-85e6-98b4987b0324', '00000000-0000-0000-0000-000000000001', 'Suresh', 'Desai', '32494992', 'WDUEJ117', '+91-943440225', 'suresh.desai@gmail.com', '66093793-120c-4463-b053-39a0f9794585') ON CONFLICT DO NOTHING;
INSERT INTO citizens (id, tenant_id, first_name, last_name, aadhaar_hash, pan_hash, primary_phone, email, permanent_location_id) VALUES ('4c8ea04d-429b-4862-8d2a-f6328d577737', '00000000-0000-0000-0000-000000000001', 'Vijay', 'Nayar', '48207618', 'KLJDP225', '+91-967071883', 'vijay.nayar@gmail.com', '2802d22b-7748-4a9a-b89e-3874d8067607') ON CONFLICT DO NOTHING;
INSERT INTO citizens (id, tenant_id, first_name, last_name, aadhaar_hash, pan_hash, primary_phone, email, permanent_location_id) VALUES ('1a634dbd-d3ca-484b-933c-3d6ffb391139', '00000000-0000-0000-0000-000000000001', 'Prathap', 'Desai', '49638657', 'PBPVD756', '+91-959332782', 'prathap.desai@gmail.com', '66093793-120c-4463-b053-39a0f9794585') ON CONFLICT DO NOTHING;
INSERT INTO citizens (id, tenant_id, first_name, last_name, aadhaar_hash, pan_hash, primary_phone, email, permanent_location_id) VALUES ('b4671914-9f78-4a43-b7c0-bb5ead2d5d39', '00000000-0000-0000-0000-000000000001', 'Riya', 'Rao', '19330257', 'ZWCIG767', '+91-985829523', 'riya.rao@gmail.com', 'cdd386c5-2e79-4b63-ad6b-2b599cabc705') ON CONFLICT DO NOTHING;
INSERT INTO citizens (id, tenant_id, first_name, last_name, aadhaar_hash, pan_hash, primary_phone, email, permanent_location_id) VALUES ('44665ad4-4b3a-40bf-a362-65fdc0bf1a09', '00000000-0000-0000-0000-000000000001', 'Ramesh', 'Hegde', '53567913', 'YSXET837', '+91-943436289', 'ramesh.hegde@gmail.com', '7749b52d-faf6-4bb1-8ab0-dddaef708eb3') ON CONFLICT DO NOTHING;
INSERT INTO citizens (id, tenant_id, first_name, last_name, aadhaar_hash, pan_hash, primary_phone, email, permanent_location_id) VALUES ('4abbc11f-5dbb-428f-a6ea-39893d947442', '00000000-0000-0000-0000-000000000001', 'Sandhya', 'Bhat', '20327009', 'BJESH609', '+91-989171396', 'sandhya.bhat@gmail.com', '9d1975b4-c311-4c33-9300-073467e6d4a2') ON CONFLICT DO NOTHING;
INSERT INTO citizens (id, tenant_id, first_name, last_name, aadhaar_hash, pan_hash, primary_phone, email, permanent_location_id) VALUES ('24b3d06f-3060-4671-b6a6-9c1648e6dd2e', '00000000-0000-0000-0000-000000000001', 'Ganesh', 'Pai', '46571771', 'VBQGX096', '+91-985534146', 'ganesh.pai@gmail.com', '66093793-120c-4463-b053-39a0f9794585') ON CONFLICT DO NOTHING;
INSERT INTO citizens (id, tenant_id, first_name, last_name, aadhaar_hash, pan_hash, primary_phone, email, permanent_location_id) VALUES ('db52ef39-94b0-4271-8eb1-4e1892771327', '00000000-0000-0000-0000-000000000001', 'Shalini', 'Kamath', '47103133', 'MZYLU853', '+91-995108767', 'shalini.kamath@gmail.com', '7749b52d-faf6-4bb1-8ab0-dddaef708eb3') ON CONFLICT DO NOTHING;
INSERT INTO citizens (id, tenant_id, first_name, last_name, aadhaar_hash, pan_hash, primary_phone, email, permanent_location_id) VALUES ('0b15cbb8-c4ce-4b0f-8774-02970ff68040', '00000000-0000-0000-0000-000000000001', 'Vijay', 'Desai', '53460456', 'VTHZG547', '+91-921443859', 'vijay.desai@gmail.com', '66093793-120c-4463-b053-39a0f9794585') ON CONFLICT DO NOTHING;
INSERT INTO citizens (id, tenant_id, first_name, last_name, aadhaar_hash, pan_hash, primary_phone, email, permanent_location_id) VALUES ('14d21f62-ff8b-42fe-8f0f-23a4dbe5aaad', '00000000-0000-0000-0000-000000000001', 'Suresh', 'Acharya', '71336476', 'KAHKP779', '+91-938990435', 'suresh.acharya@gmail.com', '80c343da-92ae-4941-9cc2-e7081430ae5c') ON CONFLICT DO NOTHING;
INSERT INTO citizens (id, tenant_id, first_name, last_name, aadhaar_hash, pan_hash, primary_phone, email, permanent_location_id) VALUES ('77596e5e-6258-4800-a643-635ab6f06b77', '00000000-0000-0000-0000-000000000001', 'Ramesh', 'Hegde', '90044896', 'ZKTDY094', '+91-935546476', 'ramesh.hegde@gmail.com', '80c343da-92ae-4941-9cc2-e7081430ae5c') ON CONFLICT DO NOTHING;
INSERT INTO citizens (id, tenant_id, first_name, last_name, aadhaar_hash, pan_hash, primary_phone, email, permanent_location_id) VALUES ('8935c413-c59f-4167-aaf1-00c1ad39c69d', '00000000-0000-0000-0000-000000000001', 'Ganesh', 'Murthy', '84628961', 'OUBBV155', '+91-926405737', 'ganesh.murthy@gmail.com', '9d1975b4-c311-4c33-9300-073467e6d4a2') ON CONFLICT DO NOTHING;
INSERT INTO citizens (id, tenant_id, first_name, last_name, aadhaar_hash, pan_hash, primary_phone, email, permanent_location_id) VALUES ('52950830-d881-41c6-a083-54f4906db97a', '00000000-0000-0000-0000-000000000001', 'Sandhya', 'Nayar', '48713542', 'MHTVJ545', '+91-958598918', 'sandhya.nayar@gmail.com', '80c343da-92ae-4941-9cc2-e7081430ae5c') ON CONFLICT DO NOTHING;
INSERT INTO citizens (id, tenant_id, first_name, last_name, aadhaar_hash, pan_hash, primary_phone, email, permanent_location_id) VALUES ('75b7edf6-4e61-4c9a-b3a3-dbf2f1ec07b0', '00000000-0000-0000-0000-000000000001', 'Riya', 'Shetty', '33903495', 'KZBJD563', '+91-916280378', 'riya.shetty@gmail.com', '7749b52d-faf6-4bb1-8ab0-dddaef708eb3') ON CONFLICT DO NOTHING;
INSERT INTO citizens (id, tenant_id, first_name, last_name, aadhaar_hash, pan_hash, primary_phone, email, permanent_location_id) VALUES ('8f9b88ad-113a-43f0-94be-e7a9e05dbd8f', '00000000-0000-0000-0000-000000000001', 'Sunitha', 'Murthy', '54192407', 'YOBKP890', '+91-968000330', 'sunitha.murthy@gmail.com', '7749b52d-faf6-4bb1-8ab0-dddaef708eb3') ON CONFLICT DO NOTHING;
INSERT INTO citizens (id, tenant_id, first_name, last_name, aadhaar_hash, pan_hash, primary_phone, email, permanent_location_id) VALUES ('cf87ddd6-11a2-4601-8303-24288ff8bd97', '00000000-0000-0000-0000-000000000001', 'Sandhya', 'Nayar', '31813292', 'FMICC883', '+91-962994095', 'sandhya.nayar@gmail.com', '80c343da-92ae-4941-9cc2-e7081430ae5c') ON CONFLICT DO NOTHING;
INSERT INTO citizens (id, tenant_id, first_name, last_name, aadhaar_hash, pan_hash, primary_phone, email, permanent_location_id) VALUES ('b8151f48-a4a7-46b3-8dba-890916d292ff', '00000000-0000-0000-0000-000000000001', 'Priya', 'Hegde', '41497746', 'ROMWL990', '+91-920457166', 'priya.hegde@gmail.com', '9d1975b4-c311-4c33-9300-073467e6d4a2') ON CONFLICT DO NOTHING;
INSERT INTO citizens (id, tenant_id, first_name, last_name, aadhaar_hash, pan_hash, primary_phone, email, permanent_location_id) VALUES ('32a5a1d3-792b-4a3d-be15-b48ee439982e', '00000000-0000-0000-0000-000000000001', 'Sunitha', 'Bhat', '46239758', 'YZRDA505', '+91-985562542', 'sunitha.bhat@gmail.com', '66093793-120c-4463-b053-39a0f9794585') ON CONFLICT DO NOTHING;
INSERT INTO citizens (id, tenant_id, first_name, last_name, aadhaar_hash, pan_hash, primary_phone, email, permanent_location_id) VALUES ('63eb35c5-9392-4dc7-af4b-73adb3a4d645', '00000000-0000-0000-0000-000000000001', 'Ganesh', 'Patil', '76823899', 'MNFAA143', '+91-959806933', 'ganesh.patil@gmail.com', 'a85bb3ae-04f5-4c10-be90-7427e8875093') ON CONFLICT DO NOTHING;

INSERT INTO phone_numbers (id, tenant_id, number, carrier, sim_swap_count, is_flagged) VALUES ('5327bc18-51b5-4737-9132-b2c14c457faf', '00000000-0000-0000-0000-000000000001', '+91-938990435', 'Vodafone-Idea', 2, TRUE) ON CONFLICT DO NOTHING;
INSERT INTO phone_numbers (id, tenant_id, number, carrier, sim_swap_count, is_flagged) VALUES ('b4379615-47d2-4ff0-b538-f70cd917be51', '00000000-0000-0000-0000-000000000001', '+91-935546476', 'Jio', 2, TRUE) ON CONFLICT DO NOTHING;
INSERT INTO phone_numbers (id, tenant_id, number, carrier, sim_swap_count, is_flagged) VALUES ('a7cb9a4d-d0b7-4286-a56f-7e86c72d76f2', '00000000-0000-0000-0000-000000000001', '+91-926405737', 'Vodafone-Idea', 3, TRUE) ON CONFLICT DO NOTHING;
INSERT INTO phone_numbers (id, tenant_id, number, carrier, sim_swap_count, is_flagged) VALUES ('24091e4a-a14d-4361-a54c-dcefa5e98b74', '00000000-0000-0000-0000-000000000001', '+91-958598918', 'Jio', 2, TRUE) ON CONFLICT DO NOTHING;
INSERT INTO phone_numbers (id, tenant_id, number, carrier, sim_swap_count, is_flagged) VALUES ('28a00dee-ab3f-4239-a38d-4987b7779c23', '00000000-0000-0000-0000-000000000001', '+91-916280378', 'Jio', 3, TRUE) ON CONFLICT DO NOTHING;
INSERT INTO phone_numbers (id, tenant_id, number, carrier, sim_swap_count, is_flagged) VALUES ('ff740d69-9612-4f45-a23c-235293ba82e7', '00000000-0000-0000-0000-000000000001', '+91-968000330', 'Airtel', 2, TRUE) ON CONFLICT DO NOTHING;
INSERT INTO phone_numbers (id, tenant_id, number, carrier, sim_swap_count, is_flagged) VALUES ('641b74cf-b849-4ccd-9d48-dcc3c4b2bbf3', '00000000-0000-0000-0000-000000000001', '+91-962994095', 'Jio', 2, TRUE) ON CONFLICT DO NOTHING;
INSERT INTO phone_numbers (id, tenant_id, number, carrier, sim_swap_count, is_flagged) VALUES ('6f8aebc9-24f0-4539-9745-e2e76b93f3e4', '00000000-0000-0000-0000-000000000001', '+91-920457166', 'Jio', 2, TRUE) ON CONFLICT DO NOTHING;
INSERT INTO phone_numbers (id, tenant_id, number, carrier, sim_swap_count, is_flagged) VALUES ('1cd4d304-692e-4d83-bb5c-7de26c707514', '00000000-0000-0000-0000-000000000001', '+91-985562542', 'Vodafone-Idea', 3, TRUE) ON CONFLICT DO NOTHING;
INSERT INTO phone_numbers (id, tenant_id, number, carrier, sim_swap_count, is_flagged) VALUES ('47b7c043-c616-419a-9387-ed62208b810e', '00000000-0000-0000-0000-000000000001', '+91-959806933', 'Vodafone-Idea', 1, TRUE) ON CONFLICT DO NOTHING;

INSERT INTO bank_accounts (id, tenant_id, account_number_hash, account_number_masked, bank_name, ifsc_code, holder_name, is_flagged, is_mule, mule_confidence) VALUES ('dee4b378-0129-4588-8513-0a153be0125e', '00000000-0000-0000-0000-000000000001', 'dee4b378-0129-4588-8513-0a153be0125e', 'Canara Bank XXXX7951', 'State Bank of India', 'CNRB0001066', 'Suresh Acharya', TRUE, FALSE, 0.77) ON CONFLICT DO NOTHING;
INSERT INTO bank_accounts (id, tenant_id, account_number_hash, account_number_masked, bank_name, ifsc_code, holder_name, is_flagged, is_mule, mule_confidence) VALUES ('a43afef3-c43d-4677-9e05-d46a282d3d5e', '00000000-0000-0000-0000-000000000001', 'a43afef3-c43d-4677-9e05-d46a282d3d5e', 'Canara Bank XXXX3947', 'Karnataka Bank', 'CNRB0001013', 'Ramesh Hegde', TRUE, TRUE, 0.61) ON CONFLICT DO NOTHING;
INSERT INTO bank_accounts (id, tenant_id, account_number_hash, account_number_masked, bank_name, ifsc_code, holder_name, is_flagged, is_mule, mule_confidence) VALUES ('1939e49b-a872-43d1-a363-63d313865c04', '00000000-0000-0000-0000-000000000001', '1939e49b-a872-43d1-a363-63d313865c04', 'Canara Bank XXXX5343', 'Canara Bank', 'CNRB0001018', 'Ganesh Murthy', TRUE, TRUE, 0.64) ON CONFLICT DO NOTHING;
INSERT INTO bank_accounts (id, tenant_id, account_number_hash, account_number_masked, bank_name, ifsc_code, holder_name, is_flagged, is_mule, mule_confidence) VALUES ('7037da50-9e31-4575-8e6c-ac385232b1e8', '00000000-0000-0000-0000-000000000001', '7037da50-9e31-4575-8e6c-ac385232b1e8', 'Canara Bank XXXX2428', 'Karnataka Bank', 'CNRB0001051', 'Sandhya Nayar', TRUE, FALSE, 0.85) ON CONFLICT DO NOTHING;
INSERT INTO bank_accounts (id, tenant_id, account_number_hash, account_number_masked, bank_name, ifsc_code, holder_name, is_flagged, is_mule, mule_confidence) VALUES ('02fb485e-0dcd-4d90-aae3-3eb05a4054a2', '00000000-0000-0000-0000-000000000001', '02fb485e-0dcd-4d90-aae3-3eb05a4054a2', 'Canara Bank XXXX6517', 'Karnataka Bank', 'CNRB0001064', 'Riya Shetty', TRUE, TRUE, 0.89) ON CONFLICT DO NOTHING;
INSERT INTO bank_accounts (id, tenant_id, account_number_hash, account_number_masked, bank_name, ifsc_code, holder_name, is_flagged, is_mule, mule_confidence) VALUES ('c6dbd3e5-542f-4439-81c3-4ec49c0bf7bb', '00000000-0000-0000-0000-000000000001', 'c6dbd3e5-542f-4439-81c3-4ec49c0bf7bb', 'Canara Bank XXXX6406', 'Karnataka Bank', 'CNRB0001064', 'Sunitha Murthy', TRUE, TRUE, 0.71) ON CONFLICT DO NOTHING;
INSERT INTO bank_accounts (id, tenant_id, account_number_hash, account_number_masked, bank_name, ifsc_code, holder_name, is_flagged, is_mule, mule_confidence) VALUES ('d109ffb0-8535-4e8f-82b7-5f8e322115e6', '00000000-0000-0000-0000-000000000001', 'd109ffb0-8535-4e8f-82b7-5f8e322115e6', 'Canara Bank XXXX1741', 'HDFC Bank', 'CNRB0001059', 'Sandhya Nayar', TRUE, TRUE, 0.63) ON CONFLICT DO NOTHING;
INSERT INTO bank_accounts (id, tenant_id, account_number_hash, account_number_masked, bank_name, ifsc_code, holder_name, is_flagged, is_mule, mule_confidence) VALUES ('a6003e7b-6b8c-4030-b182-de51ee668b68', '00000000-0000-0000-0000-000000000001', 'a6003e7b-6b8c-4030-b182-de51ee668b68', 'Canara Bank XXXX4181', 'Canara Bank', 'CNRB0001016', 'Priya Hegde', TRUE, FALSE, 0.79) ON CONFLICT DO NOTHING;
INSERT INTO bank_accounts (id, tenant_id, account_number_hash, account_number_masked, bank_name, ifsc_code, holder_name, is_flagged, is_mule, mule_confidence) VALUES ('55040315-7355-4eff-bfe4-b14ec1d9d033', '00000000-0000-0000-0000-000000000001', '55040315-7355-4eff-bfe4-b14ec1d9d033', 'Canara Bank XXXX8914', 'State Bank of India', 'CNRB0001019', 'Sunitha Bhat', TRUE, FALSE, 0.78) ON CONFLICT DO NOTHING;
INSERT INTO bank_accounts (id, tenant_id, account_number_hash, account_number_masked, bank_name, ifsc_code, holder_name, is_flagged, is_mule, mule_confidence) VALUES ('e0313e0f-de53-4499-ba31-5cf5ce51fab6', '00000000-0000-0000-0000-000000000001', 'e0313e0f-de53-4499-ba31-5cf5ce51fab6', 'Canara Bank XXXX8484', 'State Bank of India', 'CNRB0001013', 'Ganesh Patil', TRUE, TRUE, 0.82) ON CONFLICT DO NOTHING;

INSERT INTO upi_vpas (id, tenant_id, vpa, registered_name, linked_bank_id, is_flagged) VALUES ('eb4a1116-2d2c-4397-9b37-c740d1fb677a', '00000000-0000-0000-0000-000000000001', 'sureshacharya35@okicici', 'Suresh Acharya', 'dee4b378-0129-4588-8513-0a153be0125e', TRUE) ON CONFLICT DO NOTHING;
INSERT INTO upi_vpas (id, tenant_id, vpa, registered_name, linked_bank_id, is_flagged) VALUES ('8a782f92-4c5f-4244-a232-ee1b3907fced', '00000000-0000-0000-0000-000000000001', 'rameshhegde43@sbi', 'Ramesh Hegde', 'a43afef3-c43d-4677-9e05-d46a282d3d5e', TRUE) ON CONFLICT DO NOTHING;
INSERT INTO upi_vpas (id, tenant_id, vpa, registered_name, linked_bank_id, is_flagged) VALUES ('ee038381-5e0f-4df8-b429-b56bbdf9aca5', '00000000-0000-0000-0000-000000000001', 'ganeshmurthy51@okicici', 'Ganesh Murthy', '1939e49b-a872-43d1-a363-63d313865c04', TRUE) ON CONFLICT DO NOTHING;
INSERT INTO upi_vpas (id, tenant_id, vpa, registered_name, linked_bank_id, is_flagged) VALUES ('8a35b087-4fd9-47f3-bf9f-fa5345ec9de4', '00000000-0000-0000-0000-000000000001', 'sandhyanayar98@sbi', 'Sandhya Nayar', '7037da50-9e31-4575-8e6c-ac385232b1e8', TRUE) ON CONFLICT DO NOTHING;
INSERT INTO upi_vpas (id, tenant_id, vpa, registered_name, linked_bank_id, is_flagged) VALUES ('580f4423-3d29-47f4-a5a4-27d6a75f0c9a', '00000000-0000-0000-0000-000000000001', 'riyashetty53@okaxis', 'Riya Shetty', '02fb485e-0dcd-4d90-aae3-3eb05a4054a2', TRUE) ON CONFLICT DO NOTHING;
INSERT INTO upi_vpas (id, tenant_id, vpa, registered_name, linked_bank_id, is_flagged) VALUES ('c28743e4-890d-4b00-aeab-20cea04a2a1b', '00000000-0000-0000-0000-000000000001', 'sunithamurthy69@okaxis', 'Sunitha Murthy', 'c6dbd3e5-542f-4439-81c3-4ec49c0bf7bb', TRUE) ON CONFLICT DO NOTHING;
INSERT INTO upi_vpas (id, tenant_id, vpa, registered_name, linked_bank_id, is_flagged) VALUES ('7f257865-b163-4f51-8034-dde92bb896de', '00000000-0000-0000-0000-000000000001', 'sandhyanayar37@sbi', 'Sandhya Nayar', 'd109ffb0-8535-4e8f-82b7-5f8e322115e6', TRUE) ON CONFLICT DO NOTHING;
INSERT INTO upi_vpas (id, tenant_id, vpa, registered_name, linked_bank_id, is_flagged) VALUES ('8d1564c0-a788-46ec-8c24-88d5369fca05', '00000000-0000-0000-0000-000000000001', 'priyahegde65@ybl', 'Priya Hegde', 'a6003e7b-6b8c-4030-b182-de51ee668b68', TRUE) ON CONFLICT DO NOTHING;
INSERT INTO upi_vpas (id, tenant_id, vpa, registered_name, linked_bank_id, is_flagged) VALUES ('2802e0b2-f579-46bf-95e4-af9cb3105994', '00000000-0000-0000-0000-000000000001', 'sunithabhat59@okicici', 'Sunitha Bhat', '55040315-7355-4eff-bfe4-b14ec1d9d033', TRUE) ON CONFLICT DO NOTHING;
INSERT INTO upi_vpas (id, tenant_id, vpa, registered_name, linked_bank_id, is_flagged) VALUES ('4e32bfef-7f4f-4fc4-b859-5a368feee787', '00000000-0000-0000-0000-000000000001', 'ganeshpatil43@ybl', 'Ganesh Patil', 'e0313e0f-de53-4499-ba31-5cf5ce51fab6', TRUE) ON CONFLICT DO NOTHING;

INSERT INTO firs (id, tenant_id, fir_number, filed_at_station_id, complainant_citizen_id, incident_date, incident_location_id, primary_section, crime_category, fir_text, status) VALUES ('f12f5bda-1ea7-42f2-808e-d33fe2fad128', '00000000-0000-0000-0000-000000000001', 'FIR/KA/2026/1042', 'ac8534b5-f96d-444f-a921-5564fac898e7', '4f6d9bdc-3845-4645-81ff-0ad70a2f7e16', '2026-06-01', 'dbb6c470-eecf-408e-8ee3-d5bcf2dcb18c', 'IT Act Section 66C', 'PHISHING', 'Complainant Abhishek filed grievance reporting a loss of INR 233,000.00 via PHISHING phishing link.', 'REGISTERED') ON CONFLICT DO NOTHING;
INSERT INTO firs (id, tenant_id, fir_number, filed_at_station_id, complainant_citizen_id, incident_date, incident_location_id, primary_section, crime_category, fir_text, status) VALUES ('5e416ab2-20cf-4407-96c9-9d67ab88843b', '00000000-0000-0000-0000-000000000001', 'FIR/KA/2026/1043', '2b1f4046-6b3d-4834-b61a-a91cf606704b', '5509754f-d795-49d4-90f5-f82c0f6d7b7e', '2026-06-03', 'cdd386c5-2e79-4b63-ad6b-2b599cabc705', 'IT Act Section 66C', 'IDENTITY_THEFT', 'Complainant Vijay filed grievance reporting a loss of INR 155,000.00 via IDENTITY_THEFT phishing link.', 'REGISTERED') ON CONFLICT DO NOTHING;
INSERT INTO firs (id, tenant_id, fir_number, filed_at_station_id, complainant_citizen_id, incident_date, incident_location_id, primary_section, crime_category, fir_text, status) VALUES ('682b2007-ef90-4670-901f-8c6beb7bacc7', '00000000-0000-0000-0000-000000000001', 'FIR/KA/2026/1044', '2b1f4046-6b3d-4834-b61a-a91cf606704b', '9ad3dcea-6510-47c2-958d-05ebf745f0ec', '2026-06-05', 'dbb6c470-eecf-408e-8ee3-d5bcf2dcb18c', 'IT Act Section 66D', 'UPI_FRAUD', 'Complainant Kavitha filed grievance reporting a loss of INR 36,000.00 via UPI_FRAUD phishing link.', 'REGISTERED') ON CONFLICT DO NOTHING;
INSERT INTO firs (id, tenant_id, fir_number, filed_at_station_id, complainant_citizen_id, incident_date, incident_location_id, primary_section, crime_category, fir_text, status) VALUES ('272abfac-865b-40be-8e8f-f27374fc0d14', '00000000-0000-0000-0000-000000000001', 'FIR/KA/2026/1045', '93204bda-472f-44db-ad6b-a9a45c88e737', 'ed514235-5897-4efb-8a34-305c92635707', '2026-06-07', '2802d22b-7748-4a9a-b89e-3874d8067607', 'IT Act Section 66C', 'IDENTITY_THEFT', 'Complainant Ganesh filed grievance reporting a loss of INR 51,000.00 via IDENTITY_THEFT phishing link.', 'REGISTERED') ON CONFLICT DO NOTHING;
INSERT INTO firs (id, tenant_id, fir_number, filed_at_station_id, complainant_citizen_id, incident_date, incident_location_id, primary_section, crime_category, fir_text, status) VALUES ('ccad0943-2870-4d0c-9f7c-038416c34246', '00000000-0000-0000-0000-000000000001', 'FIR/KA/2026/1046', '93204bda-472f-44db-ad6b-a9a45c88e737', '425d9004-bd4a-44b8-bea3-a229d3ba30d8', '2026-06-09', '7749b52d-faf6-4bb1-8ab0-dddaef708eb3', 'IT Act Section 66C', 'RANSOMWARE', 'Complainant Ganesh filed grievance reporting a loss of INR 154,000.00 via RANSOMWARE phishing link.', 'REGISTERED') ON CONFLICT DO NOTHING;
INSERT INTO firs (id, tenant_id, fir_number, filed_at_station_id, complainant_citizen_id, incident_date, incident_location_id, primary_section, crime_category, fir_text, status) VALUES ('855fbc5f-9ea3-466e-bfa4-c690821f3945', '00000000-0000-0000-0000-000000000001', 'FIR/KA/2026/1047', 'ac8534b5-f96d-444f-a921-5564fac898e7', '54ff73f0-ae11-4fb4-ac5d-f56814e2df7b', '2026-06-11', 'a85bb3ae-04f5-4c10-be90-7427e8875093', 'IT Act Section 66C', 'PHISHING', 'Complainant Kavitha filed grievance reporting a loss of INR 84,000.00 via PHISHING phishing link.', 'REGISTERED') ON CONFLICT DO NOTHING;
INSERT INTO firs (id, tenant_id, fir_number, filed_at_station_id, complainant_citizen_id, incident_date, incident_location_id, primary_section, crime_category, fir_text, status) VALUES ('3a6316ff-23fb-4f4e-9dc7-569964309810', '00000000-0000-0000-0000-000000000001', 'FIR/KA/2026/1048', 'ac8534b5-f96d-444f-a921-5564fac898e7', '56ba3484-d7a8-4532-85e6-98b4987b0324', '2026-06-13', '7749b52d-faf6-4bb1-8ab0-dddaef708eb3', 'IT Act Section 66C', 'RANSOMWARE', 'Complainant Suresh filed grievance reporting a loss of INR 47,000.00 via RANSOMWARE phishing link.', 'REGISTERED') ON CONFLICT DO NOTHING;
INSERT INTO firs (id, tenant_id, fir_number, filed_at_station_id, complainant_citizen_id, incident_date, incident_location_id, primary_section, crime_category, fir_text, status) VALUES ('021944e1-c785-432f-9bc2-a2c38236e98d', '00000000-0000-0000-0000-000000000001', 'FIR/KA/2026/1049', 'ac8534b5-f96d-444f-a921-5564fac898e7', '4c8ea04d-429b-4862-8d2a-f6328d577737', '2026-06-15', '2802d22b-7748-4a9a-b89e-3874d8067607', 'IT Act Section 66C', 'PHISHING', 'Complainant Vijay filed grievance reporting a loss of INR 135,000.00 via PHISHING phishing link.', 'REGISTERED') ON CONFLICT DO NOTHING;
INSERT INTO firs (id, tenant_id, fir_number, filed_at_station_id, complainant_citizen_id, incident_date, incident_location_id, primary_section, crime_category, fir_text, status) VALUES ('4ee67a3c-d082-4739-8c32-f10163ae8027', '00000000-0000-0000-0000-000000000001', 'FIR/KA/2026/1050', '2b1f4046-6b3d-4834-b61a-a91cf606704b', '1a634dbd-d3ca-484b-933c-3d6ffb391139', '2026-06-17', '80c343da-92ae-4941-9cc2-e7081430ae5c', 'IT Act Section 66C', 'RANSOMWARE', 'Complainant Prathap filed grievance reporting a loss of INR 96,000.00 via RANSOMWARE phishing link.', 'REGISTERED') ON CONFLICT DO NOTHING;
INSERT INTO firs (id, tenant_id, fir_number, filed_at_station_id, complainant_citizen_id, incident_date, incident_location_id, primary_section, crime_category, fir_text, status) VALUES ('53e94a84-0238-4e32-83cd-02968cefec61', '00000000-0000-0000-0000-000000000001', 'FIR/KA/2026/1051', '93204bda-472f-44db-ad6b-a9a45c88e737', 'b4671914-9f78-4a43-b7c0-bb5ead2d5d39', '2026-06-19', 'cdd386c5-2e79-4b63-ad6b-2b599cabc705', 'IT Act Section 66C', 'PHISHING', 'Complainant Riya filed grievance reporting a loss of INR 144,000.00 via PHISHING phishing link.', 'REGISTERED') ON CONFLICT DO NOTHING;
INSERT INTO firs (id, tenant_id, fir_number, filed_at_station_id, complainant_citizen_id, incident_date, incident_location_id, primary_section, crime_category, fir_text, status) VALUES ('d95b1c10-56bd-4b93-8462-f745d70f1449', '00000000-0000-0000-0000-000000000001', 'FIR/KA/2026/1052', '93204bda-472f-44db-ad6b-a9a45c88e737', '44665ad4-4b3a-40bf-a362-65fdc0bf1a09', '2026-06-21', 'cdd386c5-2e79-4b63-ad6b-2b599cabc705', 'IT Act Section 66C', 'RANSOMWARE', 'Complainant Ramesh filed grievance reporting a loss of INR 75,000.00 via RANSOMWARE phishing link.', 'REGISTERED') ON CONFLICT DO NOTHING;
INSERT INTO firs (id, tenant_id, fir_number, filed_at_station_id, complainant_citizen_id, incident_date, incident_location_id, primary_section, crime_category, fir_text, status) VALUES ('b3f68567-2320-4e37-8d59-b098b7efe964', '00000000-0000-0000-0000-000000000001', 'FIR/KA/2026/1053', '2b1f4046-6b3d-4834-b61a-a91cf606704b', '4abbc11f-5dbb-428f-a6ea-39893d947442', '2026-06-23', 'dbb6c470-eecf-408e-8ee3-d5bcf2dcb18c', 'IT Act Section 66D', 'UPI_FRAUD', 'Complainant Sandhya filed grievance reporting a loss of INR 210,000.00 via UPI_FRAUD phishing link.', 'REGISTERED') ON CONFLICT DO NOTHING;
INSERT INTO firs (id, tenant_id, fir_number, filed_at_station_id, complainant_citizen_id, incident_date, incident_location_id, primary_section, crime_category, fir_text, status) VALUES ('b4a11f0b-a026-4cc3-a13e-ba9e43af2c43', '00000000-0000-0000-0000-000000000001', 'FIR/KA/2026/1054', '2b1f4046-6b3d-4834-b61a-a91cf606704b', '24b3d06f-3060-4671-b6a6-9c1648e6dd2e', '2026-06-25', 'cdd386c5-2e79-4b63-ad6b-2b599cabc705', 'IT Act Section 66C', 'IDENTITY_THEFT', 'Complainant Ganesh filed grievance reporting a loss of INR 98,000.00 via IDENTITY_THEFT phishing link.', 'REGISTERED') ON CONFLICT DO NOTHING;
INSERT INTO firs (id, tenant_id, fir_number, filed_at_station_id, complainant_citizen_id, incident_date, incident_location_id, primary_section, crime_category, fir_text, status) VALUES ('7e16c136-b21b-4278-a582-aa046011f215', '00000000-0000-0000-0000-000000000001', 'FIR/KA/2026/1055', 'ac8534b5-f96d-444f-a921-5564fac898e7', 'db52ef39-94b0-4271-8eb1-4e1892771327', '2026-06-27', 'a85bb3ae-04f5-4c10-be90-7427e8875093', 'IT Act Section 66C', 'IDENTITY_THEFT', 'Complainant Shalini filed grievance reporting a loss of INR 223,000.00 via IDENTITY_THEFT phishing link.', 'REGISTERED') ON CONFLICT DO NOTHING;
INSERT INTO firs (id, tenant_id, fir_number, filed_at_station_id, complainant_citizen_id, incident_date, incident_location_id, primary_section, crime_category, fir_text, status) VALUES ('7364a122-a464-4891-b2cb-efed1b974d1f', '00000000-0000-0000-0000-000000000001', 'FIR/KA/2026/1056', '93204bda-472f-44db-ad6b-a9a45c88e737', '0b15cbb8-c4ce-4b0f-8774-02970ff68040', '2026-06-29', '9d1975b4-c311-4c33-9300-073467e6d4a2', 'IT Act Section 66C', 'PHISHING', 'Complainant Vijay filed grievance reporting a loss of INR 153,000.00 via PHISHING phishing link.', 'REGISTERED') ON CONFLICT DO NOTHING;

INSERT INTO crimes (id, tenant_id, fir_id, case_number, category, status, severity, incident_date, crime_location_id, total_amount_involved, total_amount_recovered, police_station_id) VALUES ('904d58ab-ecd2-4950-b809-c3a36260cea5', '00000000-0000-0000-0000-000000000001', 'f12f5bda-1ea7-42f2-808e-d33fe2fad128', 'CYB/KA/2026/1042', 'PHISHING', 'UNDER_INVESTIGATION', 'HIGH', '2026-06-01', 'dbb6c470-eecf-408e-8ee3-d5bcf2dcb18c', 233000.0, 0.0, 'ac8534b5-f96d-444f-a921-5564fac898e7') ON CONFLICT DO NOTHING;
INSERT INTO crimes (id, tenant_id, fir_id, case_number, category, status, severity, incident_date, crime_location_id, total_amount_involved, total_amount_recovered, police_station_id) VALUES ('6bd43cb9-42cf-4b65-8706-dbc8beb76542', '00000000-0000-0000-0000-000000000001', '5e416ab2-20cf-4407-96c9-9d67ab88843b', 'CYB/KA/2026/1043', 'IDENTITY_THEFT', 'REPORTED', 'CRITICAL', '2026-06-03', 'cdd386c5-2e79-4b63-ad6b-2b599cabc705', 155000.0, 0.0, '2b1f4046-6b3d-4834-b61a-a91cf606704b') ON CONFLICT DO NOTHING;
INSERT INTO crimes (id, tenant_id, fir_id, case_number, category, status, severity, incident_date, crime_location_id, total_amount_involved, total_amount_recovered, police_station_id) VALUES ('4546ff95-35f2-4fe8-bcd6-effc6ab85a36', '00000000-0000-0000-0000-000000000001', '682b2007-ef90-4670-901f-8c6beb7bacc7', 'CYB/KA/2026/1044', 'UPI_FRAUD', 'CLOSED', 'MEDIUM', '2026-06-05', 'dbb6c470-eecf-408e-8ee3-d5bcf2dcb18c', 36000.0, 36000.0, '2b1f4046-6b3d-4834-b61a-a91cf606704b') ON CONFLICT DO NOTHING;
INSERT INTO crimes (id, tenant_id, fir_id, case_number, category, status, severity, incident_date, crime_location_id, total_amount_involved, total_amount_recovered, police_station_id) VALUES ('a97d1d2e-5e7f-48a3-9e85-86f81f9931cb', '00000000-0000-0000-0000-000000000001', '272abfac-865b-40be-8e8f-f27374fc0d14', 'CYB/KA/2026/1045', 'IDENTITY_THEFT', 'REPORTED', 'HIGH', '2026-06-07', '2802d22b-7748-4a9a-b89e-3874d8067607', 51000.0, 12750.0, '93204bda-472f-44db-ad6b-a9a45c88e737') ON CONFLICT DO NOTHING;
INSERT INTO crimes (id, tenant_id, fir_id, case_number, category, status, severity, incident_date, crime_location_id, total_amount_involved, total_amount_recovered, police_station_id) VALUES ('c198b2ce-0eea-46f2-85e5-60f4a0e04347', '00000000-0000-0000-0000-000000000001', 'ccad0943-2870-4d0c-9f7c-038416c34246', 'CYB/KA/2026/1046', 'RANSOMWARE', 'REPORTED', 'MEDIUM', '2026-06-09', '7749b52d-faf6-4bb1-8ab0-dddaef708eb3', 154000.0, 77000.0, '93204bda-472f-44db-ad6b-a9a45c88e737') ON CONFLICT DO NOTHING;
INSERT INTO crimes (id, tenant_id, fir_id, case_number, category, status, severity, incident_date, crime_location_id, total_amount_involved, total_amount_recovered, police_station_id) VALUES ('2ac1e5fe-a6d6-44d7-9bfe-75159277c71d', '00000000-0000-0000-0000-000000000001', '855fbc5f-9ea3-466e-bfa4-c690821f3945', 'CYB/KA/2026/1047', 'PHISHING', 'UNDER_INVESTIGATION', 'CRITICAL', '2026-06-11', 'a85bb3ae-04f5-4c10-be90-7427e8875093', 84000.0, 0.0, 'ac8534b5-f96d-444f-a921-5564fac898e7') ON CONFLICT DO NOTHING;
INSERT INTO crimes (id, tenant_id, fir_id, case_number, category, status, severity, incident_date, crime_location_id, total_amount_involved, total_amount_recovered, police_station_id) VALUES ('f8f24a0f-6135-4c8c-abe5-290db8543159', '00000000-0000-0000-0000-000000000001', '3a6316ff-23fb-4f4e-9dc7-569964309810', 'CYB/KA/2026/1048', 'RANSOMWARE', 'REPORTED', 'MEDIUM', '2026-06-13', '7749b52d-faf6-4bb1-8ab0-dddaef708eb3', 47000.0, 0.0, 'ac8534b5-f96d-444f-a921-5564fac898e7') ON CONFLICT DO NOTHING;
INSERT INTO crimes (id, tenant_id, fir_id, case_number, category, status, severity, incident_date, crime_location_id, total_amount_involved, total_amount_recovered, police_station_id) VALUES ('aba166d9-2dd2-4830-b5be-dd360789e5c1', '00000000-0000-0000-0000-000000000001', '021944e1-c785-432f-9bc2-a2c38236e98d', 'CYB/KA/2026/1049', 'PHISHING', 'REPORTED', 'MEDIUM', '2026-06-15', '2802d22b-7748-4a9a-b89e-3874d8067607', 135000.0, 33750.0, 'ac8534b5-f96d-444f-a921-5564fac898e7') ON CONFLICT DO NOTHING;
INSERT INTO crimes (id, tenant_id, fir_id, case_number, category, status, severity, incident_date, crime_location_id, total_amount_involved, total_amount_recovered, police_station_id) VALUES ('03436f27-42f2-43f7-a493-de99f63f9855', '00000000-0000-0000-0000-000000000001', '4ee67a3c-d082-4739-8c32-f10163ae8027', 'CYB/KA/2026/1050', 'RANSOMWARE', 'REPORTED', 'HIGH', '2026-06-17', '80c343da-92ae-4941-9cc2-e7081430ae5c', 96000.0, 48000.0, '2b1f4046-6b3d-4834-b61a-a91cf606704b') ON CONFLICT DO NOTHING;
INSERT INTO crimes (id, tenant_id, fir_id, case_number, category, status, severity, incident_date, crime_location_id, total_amount_involved, total_amount_recovered, police_station_id) VALUES ('4d936954-f929-4776-935f-c57371b3bc4c', '00000000-0000-0000-0000-000000000001', '53e94a84-0238-4e32-83cd-02968cefec61', 'CYB/KA/2026/1051', 'PHISHING', 'UNDER_INVESTIGATION', 'MEDIUM', '2026-06-19', 'cdd386c5-2e79-4b63-ad6b-2b599cabc705', 144000.0, 36000.0, '93204bda-472f-44db-ad6b-a9a45c88e737') ON CONFLICT DO NOTHING;
INSERT INTO crimes (id, tenant_id, fir_id, case_number, category, status, severity, incident_date, crime_location_id, total_amount_involved, total_amount_recovered, police_station_id) VALUES ('46966312-1864-48e0-9814-b59de7532675', '00000000-0000-0000-0000-000000000001', 'd95b1c10-56bd-4b93-8462-f745d70f1449', 'CYB/KA/2026/1052', 'RANSOMWARE', 'CLOSED', 'HIGH', '2026-06-21', 'cdd386c5-2e79-4b63-ad6b-2b599cabc705', 75000.0, 18750.0, '93204bda-472f-44db-ad6b-a9a45c88e737') ON CONFLICT DO NOTHING;
INSERT INTO crimes (id, tenant_id, fir_id, case_number, category, status, severity, incident_date, crime_location_id, total_amount_involved, total_amount_recovered, police_station_id) VALUES ('3b246c15-379e-4250-af6e-9d3b1342a3d0', '00000000-0000-0000-0000-000000000001', 'b3f68567-2320-4e37-8d59-b098b7efe964', 'CYB/KA/2026/1053', 'UPI_FRAUD', 'CLOSED', 'CRITICAL', '2026-06-23', 'dbb6c470-eecf-408e-8ee3-d5bcf2dcb18c', 210000.0, 0.0, '2b1f4046-6b3d-4834-b61a-a91cf606704b') ON CONFLICT DO NOTHING;
INSERT INTO crimes (id, tenant_id, fir_id, case_number, category, status, severity, incident_date, crime_location_id, total_amount_involved, total_amount_recovered, police_station_id) VALUES ('561522ef-7233-43b3-8a1f-8d48a1535497', '00000000-0000-0000-0000-000000000001', 'b4a11f0b-a026-4cc3-a13e-ba9e43af2c43', 'CYB/KA/2026/1054', 'IDENTITY_THEFT', 'CLOSED', 'CRITICAL', '2026-06-25', 'cdd386c5-2e79-4b63-ad6b-2b599cabc705', 98000.0, 98000.0, '2b1f4046-6b3d-4834-b61a-a91cf606704b') ON CONFLICT DO NOTHING;
INSERT INTO crimes (id, tenant_id, fir_id, case_number, category, status, severity, incident_date, crime_location_id, total_amount_involved, total_amount_recovered, police_station_id) VALUES ('66d0fb35-9797-4a04-b8b7-2d56bce7de77', '00000000-0000-0000-0000-000000000001', '7e16c136-b21b-4278-a582-aa046011f215', 'CYB/KA/2026/1055', 'IDENTITY_THEFT', 'UNDER_INVESTIGATION', 'MEDIUM', '2026-06-27', 'a85bb3ae-04f5-4c10-be90-7427e8875093', 223000.0, 0.0, 'ac8534b5-f96d-444f-a921-5564fac898e7') ON CONFLICT DO NOTHING;
INSERT INTO crimes (id, tenant_id, fir_id, case_number, category, status, severity, incident_date, crime_location_id, total_amount_involved, total_amount_recovered, police_station_id) VALUES ('80cb20aa-d758-4677-bd76-a42fcf6c33e4', '00000000-0000-0000-0000-000000000001', '7364a122-a464-4891-b2cb-efed1b974d1f', 'CYB/KA/2026/1056', 'PHISHING', 'UNDER_INVESTIGATION', 'HIGH', '2026-06-29', '9d1975b4-c311-4c33-9300-073467e6d4a2', 153000.0, 153000.0, '93204bda-472f-44db-ad6b-a9a45c88e737') ON CONFLICT DO NOTHING;

INSERT INTO evidence (id, tenant_id, crime_id, title, evidence_type, description, content_hash, storage_path) VALUES ('ef8b16a0-55fe-4a84-8e00-246d68d01dfd', '00000000-0000-0000-0000-000000000001', '904d58ab-ecd2-4950-b809-c3a36260cea5', 'Payment Settlement Logs Screen capture', 'SCREENSHOT', 'SMS collect debit notification screenshot for INR 233,000.', 'sha512_sealed_placeholder_hash', 's3://locker/uploads/screenshot.png') ON CONFLICT DO NOTHING;
INSERT INTO evidence (id, tenant_id, crime_id, title, evidence_type, description, content_hash, storage_path) VALUES ('3d7f5cb8-88e5-4f3c-bb3f-0134ced6e96a', '00000000-0000-0000-0000-000000000001', '6bd43cb9-42cf-4b65-8706-dbc8beb76542', 'Payment Settlement Logs Screen capture', 'SCREENSHOT', 'SMS collect debit notification screenshot for INR 155,000.', 'sha512_sealed_placeholder_hash', 's3://locker/uploads/screenshot.png') ON CONFLICT DO NOTHING;
INSERT INTO evidence (id, tenant_id, crime_id, title, evidence_type, description, content_hash, storage_path) VALUES ('6d161d73-f03f-49e2-8847-891d9c6f6cb4', '00000000-0000-0000-0000-000000000001', '4546ff95-35f2-4fe8-bcd6-effc6ab85a36', 'Payment Settlement Logs Screen capture', 'SCREENSHOT', 'SMS collect debit notification screenshot for INR 36,000.', 'sha512_sealed_placeholder_hash', 's3://locker/uploads/screenshot.png') ON CONFLICT DO NOTHING;
INSERT INTO evidence (id, tenant_id, crime_id, title, evidence_type, description, content_hash, storage_path) VALUES ('0ef486d3-c781-4842-8821-e7ab5e5a4943', '00000000-0000-0000-0000-000000000001', 'a97d1d2e-5e7f-48a3-9e85-86f81f9931cb', 'Payment Settlement Logs Screen capture', 'SCREENSHOT', 'SMS collect debit notification screenshot for INR 51,000.', 'sha512_sealed_placeholder_hash', 's3://locker/uploads/screenshot.png') ON CONFLICT DO NOTHING;
INSERT INTO evidence (id, tenant_id, crime_id, title, evidence_type, description, content_hash, storage_path) VALUES ('44df39a7-2848-4d22-9c8a-c65bee3ff3f0', '00000000-0000-0000-0000-000000000001', 'c198b2ce-0eea-46f2-85e5-60f4a0e04347', 'Payment Settlement Logs Screen capture', 'SCREENSHOT', 'SMS collect debit notification screenshot for INR 154,000.', 'sha512_sealed_placeholder_hash', 's3://locker/uploads/screenshot.png') ON CONFLICT DO NOTHING;
INSERT INTO evidence (id, tenant_id, crime_id, title, evidence_type, description, content_hash, storage_path) VALUES ('77787279-34ab-4517-b9e6-f0daf20ae16b', '00000000-0000-0000-0000-000000000001', '2ac1e5fe-a6d6-44d7-9bfe-75159277c71d', 'Payment Settlement Logs Screen capture', 'SCREENSHOT', 'SMS collect debit notification screenshot for INR 84,000.', 'sha512_sealed_placeholder_hash', 's3://locker/uploads/screenshot.png') ON CONFLICT DO NOTHING;
INSERT INTO evidence (id, tenant_id, crime_id, title, evidence_type, description, content_hash, storage_path) VALUES ('b57f3650-3c66-449f-9810-cd6f8677e091', '00000000-0000-0000-0000-000000000001', 'f8f24a0f-6135-4c8c-abe5-290db8543159', 'Payment Settlement Logs Screen capture', 'SCREENSHOT', 'SMS collect debit notification screenshot for INR 47,000.', 'sha512_sealed_placeholder_hash', 's3://locker/uploads/screenshot.png') ON CONFLICT DO NOTHING;
INSERT INTO evidence (id, tenant_id, crime_id, title, evidence_type, description, content_hash, storage_path) VALUES ('fdfdfe55-fdae-4021-8048-f1fa6be13ac9', '00000000-0000-0000-0000-000000000001', 'aba166d9-2dd2-4830-b5be-dd360789e5c1', 'Payment Settlement Logs Screen capture', 'SCREENSHOT', 'SMS collect debit notification screenshot for INR 135,000.', 'sha512_sealed_placeholder_hash', 's3://locker/uploads/screenshot.png') ON CONFLICT DO NOTHING;
INSERT INTO evidence (id, tenant_id, crime_id, title, evidence_type, description, content_hash, storage_path) VALUES ('dbaf5cf3-df22-4160-b516-4ec7cf7572a9', '00000000-0000-0000-0000-000000000001', '03436f27-42f2-43f7-a493-de99f63f9855', 'Payment Settlement Logs Screen capture', 'SCREENSHOT', 'SMS collect debit notification screenshot for INR 96,000.', 'sha512_sealed_placeholder_hash', 's3://locker/uploads/screenshot.png') ON CONFLICT DO NOTHING;
INSERT INTO evidence (id, tenant_id, crime_id, title, evidence_type, description, content_hash, storage_path) VALUES ('fc392629-606e-4ba9-859a-72a116c66bc5', '00000000-0000-0000-0000-000000000001', '4d936954-f929-4776-935f-c57371b3bc4c', 'Payment Settlement Logs Screen capture', 'SCREENSHOT', 'SMS collect debit notification screenshot for INR 144,000.', 'sha512_sealed_placeholder_hash', 's3://locker/uploads/screenshot.png') ON CONFLICT DO NOTHING;
INSERT INTO evidence (id, tenant_id, crime_id, title, evidence_type, description, content_hash, storage_path) VALUES ('30026a13-4c5b-42ff-b6ff-ad47aafc0af8', '00000000-0000-0000-0000-000000000001', '46966312-1864-48e0-9814-b59de7532675', 'Payment Settlement Logs Screen capture', 'SCREENSHOT', 'SMS collect debit notification screenshot for INR 75,000.', 'sha512_sealed_placeholder_hash', 's3://locker/uploads/screenshot.png') ON CONFLICT DO NOTHING;
INSERT INTO evidence (id, tenant_id, crime_id, title, evidence_type, description, content_hash, storage_path) VALUES ('ba31de95-0da4-47d4-9ee8-2e45fc2af691', '00000000-0000-0000-0000-000000000001', '3b246c15-379e-4250-af6e-9d3b1342a3d0', 'Payment Settlement Logs Screen capture', 'SCREENSHOT', 'SMS collect debit notification screenshot for INR 210,000.', 'sha512_sealed_placeholder_hash', 's3://locker/uploads/screenshot.png') ON CONFLICT DO NOTHING;
INSERT INTO evidence (id, tenant_id, crime_id, title, evidence_type, description, content_hash, storage_path) VALUES ('48c7017d-2b45-498d-b709-d17aa4cf704c', '00000000-0000-0000-0000-000000000001', '561522ef-7233-43b3-8a1f-8d48a1535497', 'Payment Settlement Logs Screen capture', 'SCREENSHOT', 'SMS collect debit notification screenshot for INR 98,000.', 'sha512_sealed_placeholder_hash', 's3://locker/uploads/screenshot.png') ON CONFLICT DO NOTHING;
INSERT INTO evidence (id, tenant_id, crime_id, title, evidence_type, description, content_hash, storage_path) VALUES ('815f7efc-c022-43f6-b7e0-10cb56c31288', '00000000-0000-0000-0000-000000000001', '66d0fb35-9797-4a04-b8b7-2d56bce7de77', 'Payment Settlement Logs Screen capture', 'SCREENSHOT', 'SMS collect debit notification screenshot for INR 223,000.', 'sha512_sealed_placeholder_hash', 's3://locker/uploads/screenshot.png') ON CONFLICT DO NOTHING;
INSERT INTO evidence (id, tenant_id, crime_id, title, evidence_type, description, content_hash, storage_path) VALUES ('efb6a506-df26-4ed7-bba5-efe4fd75be79', '00000000-0000-0000-0000-000000000001', '80cb20aa-d758-4677-bd76-a42fcf6c33e4', 'Payment Settlement Logs Screen capture', 'SCREENSHOT', 'SMS collect debit notification screenshot for INR 153,000.', 'sha512_sealed_placeholder_hash', 's3://locker/uploads/screenshot.png') ON CONFLICT DO NOTHING;

